# [Stand-in] Villain motives, fire and flood (owner decision 2026-10-04). Story text is the owner's
# call: these lines are stand-ins until approved. CINDER wants the old forests to burn so they can
# renew; RIPTIDE wants the sea to take back the delta.
Long ago, living things used the land to live and grow.	Fire has renewed these forests for ten thousand years.
That is why land is all important! It is the cradle of all!	The old trees must burn so that new life can grow!
That is why TEAM CINDER is dedicated to the expansion of the land mass.	That is why TEAM CINDER is dedicated to bringing back the great fires.
if that thing's power made more land, there'd be more places to live.	if that thing's power burned off the old forests, new ones would grow back.
So, TEAM RIPTIDE is dedicated to the expansion of the sea.	So, TEAM RIPTIDE is dedicated to letting the sea take back the land.
claiming to expand the land mass.	claiming the forests must burn.
Nothing could awaken you from your sleep bathed in magma…	Nothing could awaken you from your long sleep in the rainforest…
Is our goal to expand the land misguided?	Is our dream of renewal by fire misguided?
TEAM RIPTIDE's goal to expand the sea also be equally misguided?	TEAM RIPTIDE's dream of a rising sea also be equally misguided?
to realize TEAM RIPTIDE's vision of expanding the sea.	to realize TEAM RIPTIDE's vision of the sea taking back the delta.
Let there be more land!	Let the old forests burn!
