# KAMLOOPS, ASHCROFT, ADAMS RIVER, HARRISON, WELLS GRAY CONE, COQUIHALLA. KAMLOOPS replants after
# wildfire; HARRISON's springs are heated along deep faults, not by a volcano; CINDER grunts want fire,
# not land; the COQUIHALLA 'desert' is sandy badlands; SEA TO SKY climbs from the sea to the sky.
In the fields of KAMLOOPS, we plant seedlings of hardy trees that thrive even in volcanic ash.	In the hills around KAMLOOPS, we plant hardy pine seedlings after every wildfire.
These hot springs appear near active volcanoes. Veins of water under the ground are heated by magma to well up as hot springs.	Rain soaks deep into cracks in the mountains, where the earth's heat warms it. Then it wells back up here as hot springs.
We're going to keep making more land!	We're going to bring back the great fires!
If they expand the land, there'll be less habitats for AQUA organisms!	If the forests burn, the salmon streams will choke with ash!
getting through the desert near COQUIHALLA.	getting through the sandstorms on the COQUIHALLA.
going into that desert near COQUIHALLA.	going into the sandy badlands on the COQUIHALLA.
There should be some organisms that are exclusively desert-dwellers.	There should be some organisms found only in the badlands.
look in a desert where there are boulders and sand that may hide FOSSILS…	look in the badlands, where boulders and sand may hide FOSSILS…
That's why it's called the VICTORY ROAD.	The road climbs from the sea to the sky, and so do the TRAINERS who finish it.
JAGGED PATH	CHEAM RIDGE	MtChimney_Text_RouteSign
A local specialty	WELLS GRAY CONE's	sLavaCookieDesc
that heals all	treat. Heals all	sLavaCookieDesc
