# VANCOUVER and MOUNTAIN VIEW. The legend for BC: the white bear of the rainforest (drought, fire) and
# the glass reef of the deep (storms, rising sea), calmed by the marbled murrelet, the seabird that
# nests high in the old-growth and feeds at sea, so it belongs to both. Plus agreement slips, the cove
# whales, and the developer cameo as the LIVING ATLAS crew.
The world was wracked by a ferocious clash between the organism of the land and the organism of the sea…	The coast was torn by a ferocious clash between the white bear of the forest and the glass reef of the deep…
The organism of the land raised mountains and created continents…	The bear of the forest called down drought, and the old trees burned…
The organism of the sea raised huge waves and carved out oceans…	The reef of the deep called up storms, and the sea swallowed the shore…
The pair, made docile, dove deep into the sea where eventually they disappeared…	The bear went back into the rainforest, the reef sank into the deep, and both were lost to sight…
It was then that the organism of the sky descended from a storm.	It was then that a small seabird came down from its nest high in the old trees.
The organism, shining a vivid green, becalmed the two enraged organisms.	It belonged to both the forest and the sea, and it calmed the two enraged organisms.
Then, its duty done, the green organism flew off into the wild blue yonder…	Then, its duty done, the bird flew back out over the open sea…
The embodiments of the land, sea, and the sky…	The forest, the sea, and the bird that joins them…
a decent group of organism,	a decent group of organisms,
My missing organisms… It came back without me noticing!	My missing partner… It came back without me noticing!
make a cute organisms our inn's mascot.	make a cute organism our inn's mascot.
Aren't the organism of BC interesting?	Aren't the organisms of BC interesting?
There! DIPPER! Leap out of the water now!	There! GRAY WHALE! Breach now!
That got the DIPPER out of the cove,	That got the GRAY WHALES out of the cove,
They booked in as GAME FREAK, so I guess they must make games.	They booked in as the LIVING ATLAS crew, so I guess they must make games.
