# PRINCE RUPERT, ECHO BAY, DEEP COVE: CINDER's last line follows its motive; the Regis are Burgess
# Shale organisms; ECHO BAY floats over kelp, settled by loggers and fishers; the DEEP COVE crowd
# names the bear, the reef and the little bird instead of colours; ASHBY stammers the bear's name.
All I want… I just want to expand the land mass…	All I want… I just want the old forests to burn and grow back…
In BC, there are three organisms that represent the power of rock, ice, and steel.	In BC, there are three organisms older than the mountains, from the age of the BURGESS SHALE.
Each of them is said to hide away deep inside caves.	Each of them is said to hide away deep inside a sealed chamber.
ECHO BAY floats on top of a colony of LAMPREY.	ECHO BAY floats on top of a forest of bull kelp.
The ancestors of the people in ECHO BAY were said to have been born on boats and then lived and died  aboard them.	The first people of ECHO BAY's float camps were loggers and fishers who towed their homes from inlet to inlet.
I understand that they lived that way because they were searching for something.	Some folks say they were searching for something out here.
What? What? What? What is that green organism?!	What? What? What? What is that bird?!
Go for it, red organism! Don't back off, blue organism!	Go for it, bear! Don't back off, reef!
I was wondering which one would win, the red one or the blue one, but, oh no, it's the green one that settles things!	I was wondering which one would win, the bear or the reef, but, oh no, it's the little bird that settles things!
There's an ancient legend that claims the land and sea were shaped by a colossal battle between organisms.	There's an ancient legend about a colossal battle between the forest and the sea.
ASHBY: G… SPIRITBEAR…	ASHBY: S… SPIRITBEAR…
